,Total Profit (STD),Total Profit (max),Total Profit (mean),Total Profit (min),c1,c2,c3
0,70738.27687,691167.22496,397718.17204,280698.10873,0.001,0.0005,1000.0
1,98184.05616,692046.98792,404661.69491,232103.32914,0.0006,0.0002,333.0
2,82302.5635,724649.09033,416648.31786,219647.76005,0.0006,0.0006,777.0
3,136372.63268,879373.90359,445768.66572,270796.39182,0.0003,0.0004,555.0
4,141145.5202,867428.35149,467072.64255,188352.99853,0.0003,0.0001,555.0
5,144261.00463,968059.79571,485907.49545,247198.65698,0.0003,0.0003,888.0
